-- Seed catalog data (departments, branches, subjects).
-- Generated from lib/mockDb.ts by scripts/generate-seed.mjs — do not edit by hand.

insert into public.departments (id, name) values
  ('cse', 'Department of Computer Science & Engineering'),
  ('ece', 'Department of Electronics & Communication Engineering'),
  ('eee', 'Department of Electrical & Electronics Engineering')
on conflict (id) do update set name = excluded.name;

insert into public.branches (id, department_id, name) values
  ('cse-core', 'cse', 'CSE (Core)'),
  ('cse-aiml', 'cse', 'CSE - AI/ML'),
  ('cse-ics', 'cse', 'CSE - ICS'),
  ('ece', 'ece', 'ECE'),
  ('eee', 'eee', 'EEE')
on conflict (id) do update set department_id = excluded.department_id, name = excluded.name;

insert into public.subjects (id, name, code, branch_id, year, semester, credits, type) values
  ('mac111', 'Mathematics-I', 'MAC111', 'cse-core', 1, 1, 4, 'theory'),
  ('phc112', 'Physics-I', 'PHC112', 'cse-core', 1, 1, 3, 'theory'),
  ('csc113', 'Programming in C', 'CSC113', 'cse-core', 1, 1, 3, 'theory'),
  ('eec114', 'Basic Electrical Engineering', 'EEC114', 'cse-core', 1, 1, 3, 'theory'),
  ('hsc115', 'Communicative English', 'HSC115', 'cse-core', 1, 1, 3, 'theory'),
  ('eel116', 'Basic Electrical Lab', 'EEL116', 'cse-core', 1, 1, 2, 'lab'),
  ('csl117', 'Programming in C Lab', 'CSL117', 'cse-core', 1, 1, 2, 'lab'),
  ('phl118', 'Physics Lab', 'PHL118', 'cse-core', 1, 1, 2, 'lab'),
  ('mac121', 'Mathematics-II', 'MAC121', 'cse-core', 1, 2, 4, 'theory'),
  ('phc122', 'Physics-II', 'PHC122', 'cse-core', 1, 2, 4, 'theory'),
  ('ecc123', 'Basic Electronics', 'ECC123', 'cse-core', 1, 2, 3, 'theory'),
  ('csc124', 'Data Structures using C', 'CSC124', 'cse-core', 1, 2, 3, 'theory'),
  ('hsc125', 'Environmental Studies (Non-Credit)', 'HSC125', 'cse-core', 1, 2, 0, 'theory'),
  ('ecl126', 'Basic Electronics Lab', 'ECL126', 'cse-core', 1, 2, 2, 'lab'),
  ('edc127', 'Engineering Graphics Lab', 'EDC127', 'cse-core', 1, 2, 2, 'lab'),
  ('csl128', 'Data Structures using C Lab', 'CSL128', 'cse-core', 1, 2, 2, 'lab'),
  ('mac231', 'Mathematics-III', 'MAC231', 'cse-core', 2, 3, 4, 'theory'),
  ('ecc232', 'Data Communication', 'ECC232', 'cse-core', 2, 3, 3, 'theory'),
  ('csc233', 'Object Oriented Programming', 'CSC233', 'cse-core', 2, 3, 3, 'theory'),
  ('ecc234', 'Digital Circuits and Systems', 'ECC234', 'cse-core', 2, 3, 3, 'theory'),
  ('csc235', 'Computer Organization and Architecture', 'CSC235', 'cse-core', 2, 3, 4, 'theory'),
  ('csl236', 'Object Oriented Programming Lab', 'CSL236', 'cse-core', 2, 3, 2, 'lab'),
  ('ecl237', 'Digital Circuits Lab', 'ECL237', 'cse-core', 2, 3, 2, 'lab'),
  ('mac241', 'Mathematics-IV', 'MAC241', 'cse-core', 2, 4, 4, 'theory'),
  ('ecc242', 'Microprocessors & Microcontrollers', 'ECC242', 'cse-core', 2, 4, 3, 'theory'),
  ('hsc243', 'Organizational Behavior', 'HSC243', 'cse-core', 2, 4, 3, 'theory'),
  ('csc244', 'Analysis and Design of Algorithms', 'CSC244', 'cse-core', 2, 4, 3, 'theory'),
  ('csc245', 'Operating Systems', 'CSC245', 'cse-core', 2, 4, 4, 'theory'),
  ('ecl246', 'Analysis and Design of Algorithms Lab', 'ECL246', 'cse-core', 2, 4, 2, 'lab'),
  ('csl247', 'Microprocessors & Microcontrollers Lab', 'CSL247', 'cse-core', 2, 4, 2, 'lab'),
  ('mac351', 'Discrete Mathematics', 'MAC351', 'cse-core', 3, 5, 3, 'theory'),
  ('csc352', 'Theory of Computation', 'CSC352', 'cse-core', 3, 5, 3, 'theory'),
  ('csc353', 'Database Management Systems', 'CSC353', 'cse-core', 3, 5, 3, 'theory'),
  ('hsc354', 'Engineering Economics', 'HSC354', 'cse-core', 3, 5, 3, 'theory'),
  ('csl355', 'Database Management System Lab', 'CSL355', 'cse-core', 3, 5, 2, 'lab'),
  ('csl356', 'Web Technology Lab', 'CSL356', 'cse-core', 3, 5, 2, 'lab'),
  ('csc361', 'Computer Networks', 'CSC361', 'cse-core', 3, 6, 3, 'theory'),
  ('csc362', 'Software Engineering', 'CSC362', 'cse-core', 3, 6, 3, 'theory'),
  ('csl363', 'Computer Network Lab', 'CSL363', 'cse-core', 3, 6, 2, 'lab'),
  ('csl364', 'Software Engineering Lab', 'CSL364', 'cse-core', 3, 6, 2, 'lab'),
  ('csc471', 'Data Warehousing and Data Mining', 'CSC471', 'cse-core', 4, 7, 3, 'theory'),
  ('csc472', 'Compiler Design', 'CSC472', 'cse-core', 4, 7, 3, 'theory'),
  ('csp473', 'Minor Project', 'CSP473', 'cse-core', 4, 7, 4, 'project'),
  ('css474', 'Seminar', 'CSS474', 'cse-core', 4, 7, 2, 'seminar'),
  ('csp482', 'Major Project', 'CSP482', 'cse-core', 4, 8, 8, 'project'),
  ('csv483', 'Comprehensive Viva Voce', 'CSV483', 'cse-core', 4, 8, 2, 'viva'),
  ('aiml301', 'Machine Learning Foundations', 'AIML301', 'cse-aiml', 3, 5, 3, 'theory'),
  ('aiml302', 'Linear Algebra for ML', 'AIML302', 'cse-aiml', 3, 5, 3, 'theory'),
  ('aiml303', 'Python for Data Science', 'AIML303', 'cse-aiml', 3, 5, 3, 'theory'),
  ('aiml304', 'Machine Learning Lab', 'AIML304', 'cse-aiml', 3, 5, 2, 'lab'),
  ('aiml311', 'Deep Learning', 'AIML311', 'cse-aiml', 3, 6, 3, 'theory'),
  ('aiml312', 'Natural Language Processing', 'AIML312', 'cse-aiml', 3, 6, 3, 'theory'),
  ('aiml313', 'Computer Vision', 'AIML313', 'cse-aiml', 3, 6, 3, 'theory'),
  ('aiml314', 'Deep Learning Lab', 'AIML314', 'cse-aiml', 3, 6, 2, 'lab'),
  ('aiml401', 'Reinforcement Learning', 'AIML401', 'cse-aiml', 4, 7, 3, 'theory'),
  ('aiml402', 'Generative AI', 'AIML402', 'cse-aiml', 4, 7, 3, 'theory'),
  ('aiml411', 'AI Project', 'AIML411', 'cse-aiml', 4, 8, 8, 'project'),
  ('ics301', 'Network Security', 'ICS301', 'cse-ics', 3, 5, 3, 'theory'),
  ('ics302', 'Cryptography', 'ICS302', 'cse-ics', 3, 5, 3, 'theory'),
  ('ics303', 'Ethical Hacking', 'ICS303', 'cse-ics', 3, 5, 3, 'theory'),
  ('ics304', 'Security Lab', 'ICS304', 'cse-ics', 3, 5, 2, 'lab'),
  ('ics311', 'Cyber Forensics', 'ICS311', 'cse-ics', 3, 6, 3, 'theory'),
  ('ics312', 'Cloud Security', 'ICS312', 'cse-ics', 3, 6, 3, 'theory'),
  ('ics313', 'Malware Analysis', 'ICS313', 'cse-ics', 3, 6, 3, 'theory'),
  ('ics314', 'Forensics Lab', 'ICS314', 'cse-ics', 3, 6, 2, 'lab'),
  ('ics401', 'Advanced Threat Detection', 'ICS401', 'cse-ics', 4, 7, 3, 'theory'),
  ('ics402', 'Blockchain Security', 'ICS402', 'cse-ics', 4, 7, 3, 'theory'),
  ('ics411', 'Security Research Project', 'ICS411', 'cse-ics', 4, 8, 8, 'project'),
  ('ece101', 'Signals and Systems', 'ECE101', 'ece', 2, 3, 4, 'theory'),
  ('ece102', 'Analog Electronics', 'ECE102', 'ece', 2, 3, 3, 'theory'),
  ('ece103', 'Analog Electronics Lab', 'ECE103', 'ece', 2, 3, 2, 'lab'),
  ('eee101', 'Power Systems', 'EEE101', 'eee', 3, 5, 4, 'theory'),
  ('eee102', 'Control Systems', 'EEE102', 'eee', 3, 5, 3, 'theory')
on conflict (id) do update set name = excluded.name, code = excluded.code, branch_id = excluded.branch_id, year = excluded.year, semester = excluded.semester, credits = excluded.credits, type = excluded.type;
